title,firstName,lastName,DOB,email,phone,age
Mr.,John,Doe,1995-06-15,john.doe@example.com,123-456-7890,28
Ms.,Jane,Smith,1991-03-22,jane.smith@example.com,123-456-7891,32
Mrs.,Emily,Johnson,1978-11-30,emily.johnson@example.com,123-456-7892,45
Mr.,Michael,Brown,1993-07-10,michael.brown@example.com,123-456-7893,30
Ms.,Sarah,Davis,1996-12-05,sarah.davis@example.com,123-456-7894,27
Mr.,David,Garcia,1985-01-14,david.garcia@example.com,123-456-7895,38
Ms.,Jessica,Martinez,1994-09-19,jessica.martinez@example.com,123-456-7896,29
Mr.,James,Hernandez,1987-05-25,james.hernandez@example.com,123-456-7897,36
Mrs.,Patricia,Wilson,1981-08-09,patricia.wilson@example.com,123-456-7898,42
Mr.,Robert,Anderson,1989-02-12,robert.anderson@example.com,123-456-7899,34
Ms.,Linda,Thomas,1997-10-03,linda.thomas@example.com,123-456-7800,26
Mr.,William,Taylor,1983-04-18,william.taylor@example.com,123-456-7801,40
Ms.,Barbara,Moore,1988-06-21,barbara.moore@example.com,123-456-7802,35
Mr.,Susan,Lee,1982-09-30,susan.lee@example.com,123-456-7803,38
Ms.,Charles,White,1976-03-25,charles.white@example.com,123-456-7804,41
Mr.,Kevin,Clark,1989-11-14,kevin.clark@example.com,123-456-7805,30
Ms.,Laura,Lewis,1995-02-16,laura.lewis@example.com,123-456-7806,27
Mr.,Daniel,Robinson,1992-05-22,daniel.robinson@example.com,123-456-7807,31
Ms.,Megan,Walker,1984-08-28,megan.walker@example.com,123-456-7808,39
Mr.,Richard,Hall,1972-01-11,richard.hall@example.com,123-456-7809,50
